,date,close,high,low,open,volume,adjClose,adjHigh,adjLow,adjOpen,adjVolume,divCash,splitFactor,marketCap,enterpriseVal,peRatio,pbRatio,trailingPEG1Y
0,2018-01-02 00:00:00+00:00,38.87,39.98,38.07,39.93,2931527,37.9228226482,39.0057743626,37.1423169081,38.9569927539,2931527,0.0,1.0,,,,,
1,2018-01-03 00:00:00+00:00,47.65,49.3995,47.12,47.75,19002163,46.4888731461,48.1957416365,45.9717880932,46.5864363636,19002163,0.0,1.0,,,,,
2,2018-01-04 00:00:00+00:00,46.33,48.26,46.01,47.65,9276922,45.2010386749,47.0840087729,44.8888363788,46.4888731461,9276922,0.0,1.0,,,,,
3,2018-01-05 00:00:00+00:00,45.02,46.44,44.51,46.32,5773655,43.9229605254,45.3083582141,43.4253881161,45.1912823531,5773655,0.0,1.0,,,,,
4,2018-01-08 00:00:00+00:00,45.52,45.6,44.87,45.04,3213345,44.410776613,44.488827187,43.7766156991,43.9424731689,3213345,0.0,1.0,,,,,
5,2018-01-09 00:00:00+00:00,44.8,45.74,44.68,45.46,2255138,43.7083214469,44.6254156915,43.5912455859,44.3522386825,2255138,0.0,1.0,,,,,
6,2018-01-10 00:00:00+00:00,44.26,45.0,43.62,44.3,2326603,43.1814800723,43.9034478819,42.5570754802,43.2205053593,2326603,0.0,1.0,,,,,
7,2018-01-11 00:00:00+00:00,44.51,45.26,44.28,44.6,2077236,43.4253881161,44.1571122475,43.2009927158,43.5131950118,2077236,0.0,1.0,,,,,
8,2018-01-12 00:00:00+00:00,44.05,44.67,43.99,44.46,1621898,42.9765973155,43.5814892641,42.918059385,43.3766065073,1621898,0.0,1.0,,,,,
9,2018-01-16 00:00:00+00:00,42.31,44.3,42.02,44.05,3104500,41.2789973307,43.2205053593,40.996064,42.9765973155,3104500,0.0,1.0,,,,,
10,2018-01-17 00:00:00+00:00,42.53,42.93,42.11,42.25,1870881,41.4936364093,41.8838892793,41.0838708957,41.2204594002,1870881,0.0,1.0,,,,,
11,2018-01-18 00:00:00+00:00,42.47,42.95,41.51,42.48,2041817,41.4350984788,41.9034019228,40.4984915906,41.4448548005,2041817,0.0,1.0,,,,,
12,2018-01-19 00:00:00+00:00,43.35,43.35,41.87,42.63,2282580,42.2936547929,42.2936547929,40.8497191737,41.5911996268,2282580,0.0,1.0,,,,,
13,2018-01-22 00:00:00+00:00,43.36,43.694,43.14,43.4,2238360,42.3034111147,42.6292722612,42.0887720361,42.3424364017,2238360,0.0,1.0,,,,,
14,2018-01-23 00:00:00+00:00,41.16,43.99,40.64,43.14,3765885,40.1570203293,42.918059385,39.6496915982,42.0887720361,3765885,0.0,1.0,,,,,
15,2018-01-24 00:00:00+00:00,40.72,41.5,40.35,41.29,3267228,39.7277421723,40.4887352689,39.3667582674,40.2838525121,3267228,0.0,1.0,,,,,
16,2018-01-25 00:00:00+00:00,42.0,42.0,40.53,40.58,2679051,40.9765513565,40.9765513565,39.542372059,39.5911536677,2679051,0.0,1.0,,,,,
17,2018-01-26 00:00:00+00:00,43.43,43.45,41.18,41.81,2099816,42.3717053669,42.3912180104,40.1765329728,40.7911812432,2099816,0.0,1.0,,,,,
18,2018-01-29 00:00:00+00:00,43.31,43.9,42.98,43.3,1875026,42.2546295059,42.8302524892,41.9326708881,42.2448731842,1875026,0.0,1.0,6026196974.28957,12600196974.2896,-52.1807228916,1.1753967575,0.1140633892
19,2018-01-30 00:00:00+00:00,40.74,43.53,40.36,43.16,2402441,39.7472548158,42.4692685844,39.3765145892,42.1082846796,2402441,0.0,1.0,5668604588.60672,12242604588.6067,-49.0843373494,1.1056491319,0.1072949083
20,2018-01-31 00:00:00+00:00,40.64,41.13,39.22,40.82,5419804,39.6496915982,40.1277513641,38.2642939095,39.8253053898,5419804,0.0,1.0,5654690487.99649,12228690487.9965,-48.9638554217,1.1029352165,0.1070315433
21,2018-02-01 00:00:00+00:00,39.07,40.85,38.8,40.56,4083068,38.1179490833,39.854574355,37.854528396,39.5716410242,4083068,0.0,1.0,5436239108.41592,12010239108.4159,-47.0722891566,1.0603267448,0.1028967125
22,2018-02-02 00:00:00+00:00,39.17,39.65,38.26,38.72,2615206,38.2155123008,38.6838157448,37.3276870214,37.7764778219,2615206,0.0,1.0,5450153209.02615,12024153209.0261,-47.1927710843,1.0630406602,0.1031600775
23,2018-02-05 00:00:00+00:00,37.44,39.81,37.44,39.13,2370399,36.5276686378,38.8399168929,36.5276686378,38.1764870138,2370399,0.0,1.0,5209439268.46922,11783439268.4692,-45.1084337349,1.0160899238,0.0986038627
24,2018-02-06 00:00:00+00:00,37.62,38.26,35.31,37.11,3401762,36.7032824293,37.3276870214,34.4495721047,36.2057100199,3401762,0.0,1.0,5234484649.56762,11808484649.5676,-45.3253012048,1.0209749715,0.0990779197
25,2018-02-07 00:00:00+00:00,36.66,38.77,35.93,37.59,2241930,35.7666755411,37.8252594307,35.0544640533,36.674013464,2241930,0.0,1.0,5100909283.70944,11674909283.7094,-44.1686746988,0.9949213838,0.0965496155
26,2018-02-08 00:00:00+00:00,35.6,37.28,35.5,36.66,1582380,34.7325054355,36.3715674897,34.634942218,35.7666755411,1582380,0.0,1.0,4953419817.24103,11527419817.241,-42.8915662651,0.9661538806,0.0937579464
27,2018-02-09 00:00:00+00:00,36.3,36.74,35.041,36.22,1686039,35.4154479581,35.8447261151,34.1871270496,35.3373973841,1686039,0.0,1.0,5050818521.51262,11624818521.5126,-43.734939759,0.9851512883,0.0956015015
28,2018-02-12 00:00:00+00:00,35.66,36.65,34.76,36.48,2515714,34.791043366,35.7569192194,33.9129744083,35.5910617496,2515714,0.0,1.0,4961768277.60716,11535768277.6072,-42.9638554217,0.9677822298,0.0939159654
29,2018-02-13 00:00:00+00:00,36.02,36.23,34.8386,35.49,1870153,35.142270949,35.3471537058,33.9896590973,34.6251858962,1870153,0.0,1.0,5011859039.80398,11585859039.804,-43.3975903614,0.9775523252,0.0948640794
30,2018-02-14 00:00:00+00:00,36.48,36.73,35.51,35.8,1451245,35.5910617496,35.8349697934,34.6446985397,34.9276318705,1451245,0.0,1.0,5075863902.61102,11649863902.611,-43.9518072289,0.990036336,0.0960755585
31,2018-02-15 00:00:00+00:00,37.21,37.27,36.08,36.6,941602,36.3032732375,36.361811168,35.2008088795,35.7081376106,941602,0.0,1.0,5177436837.06568,11751436837.0657,-44.8313253012,1.0098479184,0.0979981231
32,2018-02-16 00:00:00+00:00,37.71,38.0,36.87,37.05,1405182,36.791089325,37.0740226558,35.9715582979,36.1471720894,1405182,0.0,1.0,5247007340.11682,11821007340.1168,-45.4337349398,1.0234174954,0.0993149482
33,2018-02-20 00:00:00+00:00,36.94,37.72,36.6,37.52,1101552,36.0398525502,36.8008456468,35.7081376106,36.6057192118,1101552,0.0,1.0,5139868765.41808,11713868765.4181,-44.5060240964,1.0025203469,0.0972870376
34,2018-02-21 00:00:00+00:00,36.29,37.39,36.28,36.86,1277221,35.4056916363,36.478887029,35.3959353146,35.9618019762,1277221,0.0,1.0,5049427111.45159,11623427111.4516,-43.7228915663,0.9848798968,0.095575165
35,2018-02-22 00:00:00+00:00,39.93,40.1,36.59,36.95,2528988,38.9569927539,39.1228502237,35.6983812889,36.0496088719,2528988,0.0,1.0,5555900373.66388,12129900373.6639,-48.1084337349,1.0836664172,0.1051616516
36,2018-02-23 00:00:00+00:00,39.29,39.78,38.77,39.78,1127601,38.3325881618,38.8106479276,37.8252594307,38.8106479276,1127601,0.0,1.0,5467697931.6108,12041697931.6108,-47.3373493976,1.0662973586,0.1034761155
37,2018-02-26 00:00:00+00:00,39.98,40.33,38.76,38.82,1105871,39.0057743626,39.3472456239,37.815503109,37.8740410395,1105871,0.0,1.0,5563720114.68058,12137720114.6806,-48.1686746988,1.0850233749,0.1052933341
38,2018-02-27 00:00:00+00:00,39.93,40.48,39.51,39.98,942478,38.9569927539,39.4935904502,38.5472272403,39.0057743626,942478,0.0,1.0,5556761985.47262,12130761985.4726,-48.1084337349,1.0836664172,0.1051616516
39,2018-02-28 00:00:00+00:00,39.67,40.25,39.5,40.01,1215939,38.7033283883,39.2691950499,38.5374709186,39.0350433279,1215939,0.0,1.0,5520579713.59126,12094579713.5913,-47.7951807229,1.0766102371,0.1044769026
40,2018-03-01 00:00:00+00:00,39.76,40.43,38.92,39.7,1785580,38.7911352841,39.4448088415,37.971604257,38.7325973536,1785580,0.0,1.0,5533104346.16557,12107104346.1656,-47.9036144578,1.079052761,0.1047139311
41,2018-03-02 00:00:00+00:00,39.65,39.97,39.0,39.48,1212334,38.6838157448,38.9960180409,38.049654831,38.5179582751,1212334,0.0,1.0,5517796461.90807,12091796461.9081,-47.7710843373,1.0760674541,0.1044242296
42,2018-03-05 00:00:00+00:00,40.73,40.96,39.6,39.61,1436360,39.737498494,39.9618938943,38.6350341361,38.6447904578,1436360,0.0,1.0,5668092052.7999,12242092052.7999,-49.0722891566,1.1053777403,0.1072685718
43,2018-03-06 00:00:00+00:00,40.96,40.99,39.61,40.71,1315520,39.9618938943,39.9911628595,38.6447904578,39.7179858505,1315520,0.0,1.0,5700099447.15649,12274099447.1565,-49.3493975904,1.1116197457,0.1078743113
44,2018-03-07 00:00:00+00:00,41.64,41.78,40.49,40.57,1479021,40.6253237734,40.7619122779,39.503346772,39.581397346,1479021,0.0,1.0,5794730004.38466,12368730004.3847,-50.1686746988,1.1300743704,0.1096651934
45,2018-03-08 00:00:00+00:00,41.2,41.95,41.04,41.83,1511187,40.1960456163,40.9277697477,40.0399444683,40.8106938867,1511187,0.0,1.0,5733498467.35466,12307498467.3547,-49.6385542169,1.1181331427,0.1085063874
46,2018-03-09 00:00:00+00:00,39.13,40.625,38.87,40.28,1632569,38.774061721,40.2554627503,38.5164267594,39.9136009743,1632569,0.6125,1.0,5530669000.94279,12104669000.9428,-47.1445783133,1.061955094,0.1030547315
47,2018-03-12 00:00:00+00:00,39.08,39.35,38.24,39.31,1354392,38.7245165361,38.9920605347,37.8921574294,38.9524243868,1354392,0.0,1.0,5523601956.47442,12097601956.4744,-47.0843373494,1.0605981363,0.102923049
48,2018-03-13 00:00:00+00:00,39.0,39.45,38.62,39.31,1021233,38.6452442402,39.0911509046,38.2687008348,38.9524243868,1021233,0.0,1.0,5512294685.32504,12086294685.325,-46.9879518072,1.058427004,0.102712357
49,2018-03-14 00:00:00+00:00,39.42,39.91,38.93,39.05,839125,39.0614237936,39.5469666058,38.5758809813,38.6947894252,839125,0.0,1.0,5571657858.8593,12145657858.8593,-47.4939759036,1.0698254487,0.10381849
50,2018-03-15 00:00:00+00:00,40.38,40.68,39.41,39.48,1148368,40.0126913441,40.3099624537,39.0515147566,39.1208780155,1148368,0.0,1.0,5707345112.65192,12281345112.6519,-48.6506024096,1.0958790364,0.1063467942
51,2018-03-16 00:00:00+00:00,40.21,40.565,39.725,40.25,3912945,39.8442377154,40.1960085283,39.3636494216,39.8838738633,3912945,0.0,1.0,5683317161.45948,12257317161.4595,-48.4457831325,1.0912653803,0.1058990737
52,2018-03-19 00:00:00+00:00,39.12,40.43,38.27,40.28,1281903,38.7641526841,40.062236529,37.9218845404,39.9136009743,1281903,0.0,1.0,5529255592.04911,12103255592.0491,-47.1325301205,1.0616837025,0.103028395
53,2018-03-20 00:00:00+00:00,38.68,39.41,38.4,39.35,775607,38.3281550567,39.0515147566,38.0507020212,38.9920605347,775607,0.0,1.0,5467065600.72749,12041065600.7275,-46.6024096386,1.0497424747,0.1018695889
54,2018-03-21 00:00:00+00:00,37.42,38.8892,37.39,38.75,1194674,37.0796163967,38.5354521105,37.0498892857,38.3975183156,1194674,0.0,1.0,5288976080.12469,11862976080.1247,-45.0843373494,1.0155471408,0.0985511897
55,2018-03-22 00:00:00+00:00,37.74,38.9,37.27,37.54,1681765,37.3967055802,38.5461538704,36.9309808419,37.1985248405,1681765,0.0,1.0,5334205164.72223,11908205164.7222,-45.4698795181,1.02423167,0.0993939577
56,2018-03-23 00:00:00+00:00,37.26,38.4,37.1,38.03,745625,36.9210718049,38.0507020212,36.7625272132,37.6840676527,745625,0.0,1.0,5266361537.82592,11840361537.8259,-44.8915662651,1.0112048761,0.0981298057
57,2018-03-26 00:00:00+00:00,37.0,37.455,36.7593,37.41,849590,36.6634368433,37.1142980261,36.4249263231,37.0697073597,849590,0.0,1.0,5229612906.59042,11803612906.5904,-44.578313253,1.0041486961,0.0974450566
58,2018-03-27 00:00:00+00:00,37.23,38.25,36.88,37.01,1311827,36.891344694,37.9020664664,36.5445283995,36.6733458803,1311827,0.0,1.0,5262121311.14489,11836121311.1449,-44.8554216867,1.0103907015,0.0980507961
59,2018-03-28 00:00:00+00:00,37.33,37.39,36.08,36.88,1794561,36.9904350638,37.0498892857,35.7518054407,36.5445283995,1794561,0.0,1.0,5276255400.08163,11850255400.0816,-44.9759036145,1.0131046169,0.0983141612
60,2018-03-29 00:00:00+00:00,37.55,37.75,35.36,36.41,4279662,37.2084338775,37.4066146172,35.0383547778,36.0788036612,4279662,0.0,1.0,5307350395.74244,11881350395.7424,-45.2409638554,1.0190752308,0.0988935642
61,2018-04-02 00:00:00+00:00,38.04,38.54,37.2,37.74,2729200,37.6939766897,38.1894285389,36.861617583,37.3967055802,2729200,0.0,1.0,5376607431.53242,12153607431.5324,-45.2857142857,1.0153375061,53.89
62,2018-04-03 00:00:00+00:00,38.3,38.65,37.15,38.23,2268316,37.9516116513,38.2984279458,36.8120723981,37.8822483924,2268316,0.0,1.0,5413356062.76792,12190356062.7679,-45.5952380952,1.0222772472,54.2583333333
63,2018-04-04 00:00:00+00:00,37.91,38.21,36.77,38.12,1529770,37.5651592089,37.8624303185,36.4355289927,37.7732489856,1529770,0.0,1.0,5358233115.91467,12135233115.9147,-45.130952381,1.0118676356,53.7058333333
64,2018-04-05 00:00:00+00:00,38.69,38.98,37.04,37.83,1511640,38.3380640937,38.6254261663,36.7030729912,37.485886913,1511640,0.0,1.0,5468479009.62117,12245479009.6212,-46.0595238095,1.0326868589,54.8108333333
65,2018-04-06 00:00:00+00:00,37.47,38.75,37.26,38.72,1549721,37.1291615816,38.3975183156,36.9210718049,38.3677912047,1549721,0.0,1.0,5296043124.59305,12073043124.5931,-44.6071428571,1.0001234583,53.0825
66,2018-04-09 00:00:00+00:00,37.1,37.72,37.02,37.65,670292,36.7625272132,37.3768875062,36.6832549173,37.3075242473,670292,0.0,1.0,5243746995.52716,12020746995.5272,-44.1666666667,0.9902476729,52.5583333333
67,2018-04-10 00:00:00+00:00,36.3,37.22,36.1316,37.21,1016056,35.9698042544,36.881435657,35.8029360716,36.87152662,1016056,0.0,1.0,5130674284.0333,11907674284.0333,-43.2142857143,0.9688946234,51.425
68,2018-04-11 00:00:00+00:00,36.37,36.84,36.21,36.3,923213,36.0391675133,36.5048922516,35.8806229215,35.9698042544,923213,0.0,1.0,5140568146.28901,11917568146.289,-43.2976190476,0.9707630152,51.5241666667
69,2018-04-12 00:00:00+00:00,35.9,36.61,35.68,36.51,1196732,35.573442775,36.2769844009,35.3554439613,36.1778940311,1196732,0.0,1.0,5074137928.28638,11851137928.2864,-42.7380952381,0.9582180986,50.8583333333
70,2018-04-13 00:00:00+00:00,35.9,36.37,35.75,36.1,1112452,35.573442775,36.0391675133,35.4248072202,35.7716235147,1112452,0.0,1.0,5074137928.28638,11851137928.2864,-42.7380952381,0.9582180986,50.8583333333
71,2018-04-16 00:00:00+00:00,36.61,37.17,36.07,36.11,1451434,36.2769844009,36.831890472,35.7418964037,35.7815325517,1451434,0.0,1.0,5174489959.73717,11951489959.7372,-43.5833333333,0.9771689301,51.8641666667
72,2018-04-17 00:00:00+00:00,36.22,37.47,36.1,36.64,1676646,35.8905319585,37.1291615816,35.7716235147,36.3067115119,1676646,0.0,1.0,5119367012.88392,11896367012.8839,-43.119047619,0.9667593184,51.3116666667
73,2018-04-18 00:00:00+00:00,37.21,38.32,36.25,36.25,2293813,36.87152662,37.9714297253,35.9202590695,35.9202590695,2293813,0.0,1.0,5259294493.35755,12036294493.3575,-44.2976190476,0.9931837172,52.7141666667
74,2018-04-19 00:00:00+00:00,35.99,36.37,35.45,36.0,2302102,35.6626241079,36.0391675133,35.1275361107,35.6725331448,2302102,0.0,1.0,5086858608.32944,11863858608.3294,-42.8452380952,0.9606203167,50.9858333333
75,2018-04-20 00:00:00+00:00,35.92,36.8,35.75,36.03,926857,35.593260849,36.4652561036,35.4248072202,35.7022602558,926857,0.0,1.0,5076964746.07373,11853964746.0737,-42.7619047619,0.9587519248,50.8866666667
76,2018-04-23 00:00:00+00:00,36.47,37.23,35.954,36.0,2086467,36.1382578831,36.891344694,35.6269515747,35.6725331448,2086467,0.0,1.0,5154702235.22575,11931702235.2257,-43.4166666667,0.9734321464,51.6658333333
77,2018-04-24 00:00:00+00:00,35.76,36.76,35.66,36.59,1404599,35.4347162572,36.4256199557,35.3356258874,36.2571663269,1404599,0.0,1.0,5054350203.77495,11831350203.775,-42.5714285714,0.9544813149,50.66
78,2018-04-25 00:00:00+00:00,36.55,37.18,35.72,35.8,1490660,36.217530179,36.841799509,35.3950801093,35.4743524051,1490660,0.0,1.0,5166009506.37513,11943009506.3751,-43.5119047619,0.9755674514,51.7791666667
79,2018-04-26 00:00:00+00:00,36.39,36.82,35.21,36.55,1588521,36.0589855872,36.4850741776,34.889719223,36.217530179,1588521,0.0,1.0,5143394964.07636,11920394964.0764,-43.3214285714,0.9712968414,51.5525
80,2018-04-27 00:00:00+00:00,37.52,37.62,36.09,36.2,1365097,37.1787067665,37.2777971364,35.7617144777,35.8707138845,1365097,0.0,1.0,5303110169.06142,12080110169.0614,-44.6666666667,1.0014580239,53.1533333333
81,2018-04-30 00:00:00+00:00,36.77,37.54,36.57,37.34,1121312,36.4355289927,37.1985248405,36.237348253,37.0003441008,1121312,0.0,1.0,5197104502.03594,11974104502.0359,-43.7738095238,0.98143954,52.0908333333
82,2018-05-01 00:00:00+00:00,37.37,37.6325,36.67,36.77,1930551,37.0300712117,37.2901834326,36.3364386228,36.4355289927,1930551,0.0,1.0,5281530255.05789,12058530255.0579,-44.4880952381,0.9974543271,52.9408333333
83,2018-05-02 00:00:00+00:00,36.77,37.37,36.581,37.12,1127917,36.4355289927,37.0300712117,36.2482481936,36.7823452871,1127917,0.0,1.0,5196731803.00987,11973731803.0099,-43.7738095238,0.98143954,52.0908333333
84,2018-05-03 00:00:00+00:00,36.15,36.92,35.65,36.63,863452,35.8211686996,36.5841645474,35.3257168504,36.2968024749,863452,0.0,1.0,5109106735.89357,11886106735.8936,-43.0357142857,0.9648909266,51.2125
85,2018-05-04 00:00:00+00:00,36.5,37.05,36.16,36.29,624253,36.1679849941,36.7129820282,35.8310777366,35.9598952174,624253,0.0,1.0,5158572499.58826,11935572499.5883,-43.4523809524,0.9742328858,51.7083333333
86,2018-05-07 00:00:00+00:00,36.43,36.61,35.82,36.33,1486953,36.0986217352,36.2769844009,35.4941704791,35.9995313653,1486953,0.0,1.0,5148679346.84933,11925679346.8493,-43.369047619,0.9723644939,51.6091666667
87,2018-05-08 00:00:00+00:00,35.24,36.43,34.78,36.16,2326883,34.919446334,36.0986217352,34.4636306327,35.8310777366,2326883,0.0,1.0,4980495750.2874,11757495750.2874,-41.9523809524,0.9406018327,49.9233333333
88,2018-05-09 00:00:00+00:00,35.13,35.45,33.97,35.43,1595468,34.8104469272,35.1275361107,33.6609986369,35.1077180367,1595468,0.0,1.0,4964949367.41194,11741949367.4119,-41.8214285714,0.9376657884,49.7675
89,2018-05-10 00:00:00+00:00,35.67,35.91,35.091,35.41,1130440,35.3455349243,35.583351812,34.7718016829,35.0878999627,1130440,0.0,1.0,5041267974.25515,11818267974.2551,-42.4642857143,0.9520790969,50.5325
90,2018-05-11 00:00:00+00:00,35.29,36.16,35.2029,35.73,617133,34.9689915189,35.8310777366,34.8826838068,35.4049891463,617133,0.0,1.0,4987562287.95807,11764562287.9581,-42.0119047619,0.9419363983,49.9941666667
91,2018-05-14 00:00:00+00:00,34.94,35.39,34.65,35.25,1235967,34.6221752245,35.0680818888,34.3348131519,34.929355371,1235967,0.0,1.0,4938096524.26339,11715096524.2634,-41.5952380952,0.9325944391,49.4983333333
92,2018-05-15 00:00:00+00:00,34.68,34.81,34.2,34.66,1196686,34.3645402629,34.4933577437,33.8889064876,34.3447221889,1196686,0.0,1.0,4901350528.37591,11678350528.3759,-41.2857142857,0.925654698,49.13
93,2018-05-16 00:00:00+00:00,34.4,34.91,34.14,34.77,626766,34.0870872273,34.5924481135,33.8294522657,34.4537215957,626766,0.0,1.0,4861777917.42016,11638777917.4202,-40.9523809524,0.9181811307,48.7333333333
94,2018-05-17 00:00:00+00:00,34.02,34.45,33.75,34.45,1344173,33.7105438219,34.1366324122,33.4429998233,34.1366324122,1344173,0.0,1.0,4808072231.12308,11585072231.1231,-40.5,0.9080384322,48.195
95,2018-05-18 00:00:00+00:00,34.32,34.41,34.0,34.0,876600,34.0078149314,34.0969962643,33.6907257479,33.6907257479,876600,0.0,1.0,4850471457.14709,11627471457.1471,-40.8571428571,0.9160458257,48.62
96,2018-05-21 00:00:00+00:00,34.64,34.83,34.15,34.47,1112657,34.3249041149,34.5131758176,33.8393613027,34.1564504862,1112657,0.0,1.0,4895697298.23938,11672697298.2394,-41.2380952381,0.9245870456,49.0733333333
97,2018-05-22 00:00:00+00:00,35.29,35.9,34.8,34.8,1501904,34.9689915189,35.573442775,34.4834487067,34.4834487067,1501904,0.0,1.0,4987562287.95807,11764562287.9581,-42.0119047619,0.9419363983,49.9941666667
98,2018-05-23 00:00:00+00:00,35.03,35.39,33.61,35.27,1633295,34.7113565573,35.0680818888,33.3042733055,34.949173445,1633295,0.0,1.0,4950816292.0706,11727816292.0706,-41.7023809524,0.9349966572,49.6258333333
99,2018-05-24 00:00:00+00:00,35.47,35.53,34.75,35.01,890870,35.1473541846,35.2068084066,34.4339035218,34.6915384834,890870,0.0,1.0,5013001823.57248,11790001823.5725,-42.2261904762,0.9467408345,50.2491666667
100,2018-05-25 00:00:00+00:00,35.81,36.0,35.47,35.47,513404,35.4842614421,35.6725331448,35.1473541846,35.1473541846,513404,0.0,1.0,5061054279.73303,11838054279.733,-42.630952381,0.9558158805,50.7308333333
101,2018-05-29 00:00:00+00:00,35.64,35.88,34.2,35.0,1292960,35.3158078134,35.553624701,33.8889064876,34.6816294464,1292960,0.0,1.0,5037028051.65276,11814028051.6528,-42.4285714286,0.9512783575,50.49
102,2018-05-30 00:00:00+00:00,35.88,36.26,35.19,35.56,1802129,35.553624701,35.9301681064,34.8699011491,35.2365355175,1802129,0.0,1.0,5070947432.47197,11847947432.472,-42.7142857143,0.9576842724,50.83
103,2018-05-31 00:00:00+00:00,36.3,36.63,35.54,35.9,1539402,35.9698042544,36.2968024749,35.2167174435,35.573442775,1539402,0.0,1.0,5130306348.90559,11907306348.9056,-43.2142857143,0.9688946234,51.425
104,2018-06-01 00:00:00+00:00,35.35,36.27,35.33,36.23,1652194,35.0284457408,35.9400771434,35.0086276669,35.9004409955,1652194,0.0,1.0,4996042133.16288,11773042133.1629,-42.0833333333,0.943537877,50.0791666667
105,2018-06-04 00:00:00+00:00,35.01,35.62,34.86,35.35,737979,34.6915384834,35.2959897394,34.5429029286,35.0284457408,737979,0.0,1.0,4947989677.00232,11724989677.0023,-41.6785714286,0.934462831,49.5975
106,2018-06-05 00:00:00+00:00,36.71,37.1599,35.12,35.55,2803396,36.3760747707,36.8218823447,34.8005378902,35.2266264805,2803396,0.0,1.0,5188251957.80506,11965251957.8051,-43.7023809524,0.9798380613,52.0058333333
107,2018-06-06 00:00:00+00:00,35.53,36.69,35.315,36.69,1273621,35.2068084066,36.3562566968,34.9937641114,36.3562566968,1273621,0.0,1.0,5021481668.77729,11798481668.7773,-42.2976190476,0.9483423132,50.3341666667
108,2018-06-07 00:00:00+00:00,35.91,36.46,35.3183,35.6,1286084,35.583351812,36.1283488461,34.9970340936,35.2761716655,1286084,0.0,1.0,5075187355.07437,11852187355.0744,-42.75,0.9584850117,50.8725
109,2018-06-08 00:00:00+00:00,36.15,36.44,35.72,36.0,1177018,35.8211686996,36.1085307722,35.3950801093,35.6725331448,1177018,0.0,1.0,5109106735.89357,11886106735.8936,-43.0357142857,0.9648909266,51.2125
110,2018-06-11 00:00:00+00:00,36.87,37.03,36.01,36.16,861240,36.5346193625,36.6931639543,35.6824421818,35.8310777366,861240,0.0,1.0,5210864878.35121,11987864878.3512,-43.8928571429,0.9841086712,52.2325
111,2018-06-12 00:00:00+00:00,37.27,37.6,36.71,36.72,1079164,36.9309808419,37.2579790624,36.3760747707,36.3859838077,1079164,0.0,1.0,5267397179.71657,12044397179.7166,-44.369047619,0.994785196,52.7991666667
112,2018-06-13 00:00:00+00:00,36.43,37.37,36.33,37.29,1227679,36.0986217352,37.0300712117,35.9995313653,36.9507989159,1227679,0.0,1.0,5148679346.84933,11925679346.8493,-43.369047619,0.9723644939,51.6091666667
113,2018-06-14 00:00:00+00:00,36.9,37.145,36.075,36.57,1722397,36.5643464735,36.8071178796,35.7468509222,36.237348253,1722397,0.0,1.0,5215104800.95361,11992104800.9536,-43.9285714286,0.9849094105,52.275
114,2018-06-15 00:00:00+00:00,37.31,37.39,36.74,36.88,2586311,36.9706169898,37.0498892857,36.4058018817,36.5445283995,2586311,0.0,1.0,5273050409.8531,12050050409.8531,-44.4166666667,0.9958528484,52.8558333333
115,2018-06-18 00:00:00+00:00,36.92,37.51,36.84,37.25,1458714,36.5841645474,37.1687977295,36.5048922516,36.9111627679,1458714,0.0,1.0,5217931416.02188,11994931416.0219,-43.9523809524,0.9854432368,52.3033333333
116,2018-06-19 00:00:00+00:00,37.55,37.59,36.93,36.93,951273,37.2084338775,37.2480700254,36.5940735844,36.5940735844,951273,0.0,1.0,5306969790.6723,12083969790.6723,-44.7023809524,1.0022587633,53.1958333333
117,2018-06-20 00:00:00+00:00,37.37,37.59,37.01,37.5,755741,37.0300712117,37.2480700254,36.6733458803,37.1588886925,755741,0.0,1.0,5281530255.05789,12058530255.0579,-44.4880952381,0.9974543271,52.9408333333
118,2018-06-21 00:00:00+00:00,36.55,37.54,36.415,37.23,1464709,36.217530179,37.1985248405,36.0837581797,36.891344694,1464709,0.0,1.0,5165639037.25893,11942639037.2589,-43.5119047619,0.9755674514,51.7791666667
119,2018-06-22 00:00:00+00:00,37.01,37.09,36.3701,36.58,2621830,36.6733458803,36.7526181762,36.0392666036,36.2472572899,2621830,0.0,1.0,5230651183.82909,12007651183.8291,-44.0595238095,0.9878454548,52.4308333333
120,2018-06-25 00:00:00+00:00,38.4,38.535,37.03,37.03,2122716,38.0507020212,38.1844740205,36.6931639543,36.6931639543,2122716,0.0,1.0,5427100931.07368,12204100931.0737,-45.7142857143,1.0249463784,54.4
121,2018-06-26 00:00:00+00:00,38.47,39.0542,38.12,38.25,1585547,38.1200652801,38.6989512207,37.7732489856,37.9020664664,1585547,0.0,1.0,5436994083.81261,12213994083.8126,-45.7976190476,1.0268147703,54.4991666667
122,2018-06-27 00:00:00+00:00,36.79,40.01,36.622,38.29,6000506,36.4553470666,39.6460569757,36.2888752453,37.9417026143,6000506,0.0,1.0,5199558418.07815,11976558418.0781,-43.7976190476,0.9819733662,52.1191666667
123,2018-06-28 00:00:00+00:00,38.5,39.11,35.71,35.715,4260734,38.149792391,38.7542436471,35.3851710723,35.3901255908,4260734,0.0,1.0,5441234006.41501,12218234006.415,-45.8333333333,1.0276155096,54.5416666667
124,2018-06-29 00:00:00+00:00,38.52,39.4,37.93,39.33,2089328,38.169610465,39.0416057196,37.5849772829,38.9722424607,2089328,0.0,1.0,5444060621.48328,12221060621.4833,-45.8571428571,1.0281493359,54.57
125,2018-07-02 00:00:00+00:00,38.79,38.89,37.76,38.44,1154435,38.4371544636,38.5362448334,37.4165236541,38.0903381691,1154435,0.0,1.0,5482219924.9049,12427219924.9049,-23.7975460123,1.0366396155,0.2560495457
126,2018-07-03 00:00:00+00:00,40.36,40.735,38.45,38.64,1131059,39.9928732702,40.3644621571,38.1002472061,38.2885189088,1131059,0.0,1.0,5704109207.7639,12649109207.7639,-24.7607361963,1.0785969292,0.2664129844
127,2018-07-05 00:00:00+00:00,40.56,40.76,39.4704,39.93,1411903,40.1910540099,40.3892347495,39.11136534,39.5667846798,1411903,0.0,1.0,5732375358.44657,12677375358.4466,-24.8834355828,1.0839418099,0.2677331677
128,2018-07-06 00:00:00+00:00,40.63,40.81,40.17,40.54,937709,40.2604172687,40.4387799345,39.8046015674,40.1712359359,937709,0.0,1.0,5742268511.18551,12687268511.1855,-24.9263803681,1.0858125182,0.2681952318
129,2018-07-09 00:00:00+00:00,39.49,40.79,39.4,40.48,1750764,39.25336184,40.5455717765,39.1639011521,40.237429407,1750764,0.1237,1.0,5598634066.49149,12543634066.4915,-24.226993865,1.0553466981,0.2606701872
130,2018-07-10 00:00:00+00:00,39.62,40.0,39.0627,39.18,848006,39.3825828336,39.7603057382,38.8286223739,38.9452194705,848006,0.0,1.0,5617064616.72304,12562064616.723,-24.3067484663,1.0588208705,0.2615283063
131,2018-07-11 00:00:00+00:00,39.4,39.79,39.25,39.39,892756,39.1639011521,39.551564133,39.0148000056,39.1539610756,892756,0.0,1.0,5585874454.79273,12530874454.7927,-24.1717791411,1.0529415017,0.2600761047
132,2018-07-12 00:00:00+00:00,38.84,39.45,38.6,39.4,1914241,38.6072568717,39.2136015343,38.3686950373,39.1639011521,1914241,0.0,1.0,5506481315.33375,12451481315.3337,-23.8282208589,1.0379758357,0.2563795915
133,2018-07-13 00:00:00+00:00,39.06,39.105,38.24,38.72,1403988,38.8259385533,38.8706688973,38.0108522857,38.4879759545,1403988,0.0,1.0,5537671477.26406,12482671477.2641,-23.963190184,1.0438552045,0.2578317931
134,2018-07-16 00:00:00+00:00,38.1,39.23,37.94,39.23,1179942,37.8716912156,38.9949198527,37.7126499926,38.9949198527,1179942,0.0,1.0,5401568952.47724,12346568952.4772,-23.3742331288,1.0181997771,0.2514949134
135,2018-07-17 00:00:00+00:00,39.1,39.24,37.98,38.1,1121657,38.865698859,39.0048599291,37.7524102984,37.8716912156,1121657,0.0,1.0,5543342415.79684,12488342415.7968,-23.9877300613,1.0449241807,0.2580958298
136,2018-07-18 00:00:00+00:00,38.83,39.21,38.46,38.99,580063,38.5973167953,38.9750396998,38.2295339672,38.7563580183,580063,0.0,1.0,5505063580.70054,12450063580.7005,-23.8220858896,1.0377085917,0.2563135824
137,2018-07-19 00:00:00+00:00,40.2,40.23,38.69,38.97,907513,39.9591072668,39.9889274961,38.4581557252,38.7364778654,907513,0.0,1.0,5699293225.44842,12644293225.4484,-24.6625766871,1.0743210246,0.2653568378
138,2018-07-20 00:00:00+00:00,40.12,40.47,39.6,39.99,869883,39.8795866554,40.2274893306,39.3627026808,39.7503656617,869883,0.0,1.0,5687951348.38285,12632951348.3829,-24.6134969325,1.0721830723,0.2648287645
139,2018-07-23 00:00:00+00:00,40.26,40.325,39.77,40.19,691462,40.0187477254,40.0833582223,39.5316839802,39.9491671904,691462,0.0,1.0,5707799633.24759,12652799633.2476,-24.6993865031,1.0759244888,0.2657528928
140,2018-07-24 00:00:00+00:00,40.48,40.59,39.35,40.03,1664299,40.237429407,40.3467702478,39.1142007699,39.7901259675,1664299,0.0,1.0,5738989795.17791,12683989795.1779,-24.8343558282,1.0818038576,0.2672050944
141,2018-07-25 00:00:00+00:00,40.2,40.3,39.52,40.3,2274987,39.9591072668,40.0585080312,39.2831820693,40.0585080312,2274987,0.0,1.0,5699293225.44842,12644293225.4484,-24.6625766871,1.0743210246,0.2653568378
142,2018-07-26 00:00:00+00:00,40.18,40.39,39.7,40.39,1149799,39.939227114,40.1479687191,39.4621034451,40.1479687191,1149799,0.0,1.0,5696457756.18202,12641457756.182,-24.6503067485,1.0737865365,0.2652248194
143,2018-07-27 00:00:00+00:00,40.93,41.01,40.1,40.18,2021072,40.6847328466,40.764253458,39.8597065025,39.939227114,2021072,0.0,1.0,5802787853.67174,12747787853.6717,-25.1104294479,1.0938298392,0.2701755067
144,2018-07-30 00:00:00+00:00,40.35,41.06,39.67,41.06,1841333,40.1082084134,40.8139538402,39.4322832158,40.8139538402,1841333,0.0,1.0,5720559244.94636,12665559244.9464,-24.754601227,1.0783296852,0.2663469752
145,2018-07-31 00:00:00+00:00,39.99,41.08,39.83,40.43,6412831,39.7503656617,40.8338339931,39.5913244388,40.1877290248,6412831,0.0,1.0,5669520798.1513,12614520798.1513,-24.5337423313,1.0687088999,0.2639706453
146,2018-08-01 00:00:00+00:00,40.28,40.45,39.23,39.99,1784840,40.0386278783,40.2076091777,38.9949198527,39.7503656617,1784840,0.0,1.0,5710635102.51398,12655635102.514,-24.7116564417,1.0764589769,0.2658849111
147,2018-08-02 00:00:00+00:00,41.34,42.41,39.99,40.0,2653112,41.0922759804,42.1558641589,39.7503656617,39.7603057382,2653112,0.0,1.0,5860802956.08845,12805802956.0885,-25.3619631902,1.1047868447,0.2728818824
148,2018-08-03 00:00:00+00:00,42.12,42.23,40.86,41.32,774314,41.8676019423,41.9769427831,40.6151523115,41.0723958275,774314,0.0,1.0,5971384143.93918,12916384143.9392,-25.8404907975,1.1256318795,0.2780305972
149,2018-08-06 00:00:00+00:00,42.18,42.94,41.93,41.93,926320,41.9272424009,42.6826882099,41.67874049,41.67874049,926320,0.0,1.0,5979890389.15846,12924890389.1585,-25.8773006135,1.1272353437,0.2784266522
150,2018-08-07 00:00:00+00:00,40.02,40.56,39.34,39.47,1925912,39.780185891,40.3169500185,39.1042606935,39.2334816871,1925912,0.0,1.0,5673665561.26414,12618665561.2641,-24.5521472393,1.069510632,0.2641686728
151,2018-08-08 00:00:00+00:00,38.73,40.15,38.71,40.07,952822,38.497916031,39.9094068847,38.4780358781,39.8298862732,952822,0.0,1.0,5490781289.04948,12435781289.0495,-23.7607361963,1.0350361513,0.2556534907
152,2018-08-09 00:00:00+00:00,38.28,39.07,38.19,38.91,1349024,38.0506125914,38.8358786297,37.9611519035,38.6768374068,1349024,0.0,1.0,5426984449.90483,12371984449.9048,-23.4846625767,1.0230101697,0.2526830784
153,2018-08-10 00:00:00+00:00,38.02,38.54,37.88,38.26,546459,37.7921706041,38.3090545787,37.653009534,38.0307324385,546459,0.0,1.0,5390124053.9546,12335124053.9546,-23.3251533742,1.0160618248,0.2509668401
154,2018-08-13 00:00:00+00:00,37.13,38.05,36.93,37.88,1549539,36.9075038014,37.8219908334,36.7087022727,37.653009534,1549539,0.0,1.0,5263948083.20185,12208948083.2019,-22.7791411043,0.9922771056,0.2450920245
155,2018-08-14 00:00:00+00:00,37.2,37.5525,36.92,37.09,1022537,36.9770843365,37.3274720308,36.6987621963,36.8677434957,1022537,0.0,1.0,5273872035.95767,12218872035.9577,-22.8220858896,0.9941478138,0.2455540887
156,2018-08-15 00:00:00+00:00,37.17,37.41,36.97,37.21,1344737,36.9472641072,37.1858259416,36.7484625785,36.9870244129,1344737,0.0,1.0,5269618913.34803,12214618913.348,-22.8036809816,0.9933460817,0.2453560612
157,2018-08-16 00:00:00+00:00,37.56,37.65,36.85,37.06,856793,37.3349270881,37.424387776,36.6291816613,36.8379232664,856793,0.0,1.0,5324909507.2734,12269909507.2734,-23.0429447853,1.0037685991,0.2479304186
158,2018-08-17 00:00:00+00:00,38.5,38.6801,37.56,37.56,728999,38.269294273,38.4483150496,37.3349270881,37.3349270881,728999,0.0,1.0,5458174015.70889,12403174015.7089,-23.6196319018,1.0288895385,0.25413528
159,2018-08-20 00:00:00+00:00,38.9,39.04,38.15,38.47,686876,38.6668973304,38.8060584004,37.9213915978,38.2394740437,686876,0.0,1.0,5514882317.1708,12459882317.1708,-23.8650306748,1.0395792999,0.2567756465
160,2018-08-21 00:00:00+00:00,38.01,38.83,38.01,38.72,985459,37.7822305277,38.5973167953,37.7822305277,38.4879759545,985459,0.0,1.0,5388706346.41805,12333706346.418,-23.3190184049,1.0157945807,0.2509008309
161,2018-08-22 00:00:00+00:00,37.71,38.435,37.45,38.09,610626,37.4840282346,38.2046837761,37.2255862473,37.8617511392,610626,0.0,1.0,5346175120.32162,12291175120.3216,-23.1349693252,1.0077772597,0.248920556
162,2018-08-23 00:00:00+00:00,37.59,38.03,37.44,37.77,515646,37.3647473174,37.8021106805,37.2156461709,37.5436686932,515646,0.0,1.0,5329162629.88304,12274162629.883,-23.0613496933,1.0045703312,0.2481284461
163,2018-08-24 00:00:00+00:00,38.95,38.99,37.59,37.67,997910,38.7165977125,38.7563580183,37.3647473174,37.4442679289,997910,0.0,1.0,5521970854.85354,12466970854.8535,-23.8957055215,1.0409155201,0.2571056923
164,2018-08-27 00:00:00+00:00,39.37,39.5,38.7,38.95,607932,39.1340809228,39.2633019164,38.4680958017,38.7165977125,607932,0.0,1.0,5581514571.38855,12526514571.3885,-24.1533742331,1.0521397696,0.2598780772
165,2018-08-28 00:00:00+00:00,38.82,39.53,38.71,39.13,658458,38.5873767189,39.2931221457,38.4780358781,38.8955190883,658458,0.0,1.0,5503540656.87842,12448540656.8784,-23.8159509202,1.0374413477,0.2562475732
166,2018-08-29 00:00:00+00:00,38.86,39.03,38.56,39.02,539206,38.6271370246,38.796118324,38.3289347316,38.7861782476,539206,0.0,1.0,5509211487.0246,12454211487.0246,-23.8404907975,1.0385103238,0.2565116098
167,2018-08-30 00:00:00+00:00,38.64,39.22,38.48,38.84,625678,38.4084553431,38.9849797763,38.2494141201,38.6072568717,625678,0.0,1.0,5478021921.22056,12423021921.2206,-23.7055214724,1.032630955,0.2550594082
168,2018-08-31 00:00:00+00:00,38.34,39.0,38.06,38.64,1389922,38.11025305,38.7662980947,37.8319309099,38.4084553431,1389922,0.0,1.0,5435490695.12413,12380490695.1241,-23.5214723926,1.0246136339,0.2530791333
169,2018-09-04 00:00:00+00:00,37.36,38.49,37.29,38.3,821800,37.1361255594,38.2593541965,37.0665450244,38.0704927443,821800,0.0,1.0,5296555356.54244,12241555356.5424,-22.9202453988,0.9984237184,0.2466102353
170,2018-09-05 00:00:00+00:00,37.69,37.97,37.49,37.49,1526351,37.4641480818,37.7424702219,37.2653465531,37.2653465531,1526351,0.0,1.0,5343339705.24852,12288339705.2485,-23.1226993865,1.0072427716,0.2487885377
171,2018-09-06 00:00:00+00:00,36.68,37.95,36.67,37.64,1049622,36.4602003619,37.7225900691,36.4502602855,37.4144476996,1049622,0.0,1.0,5200151244.0572,12145151244.0572,-22.5030674847,0.980251124,0.2421216122
172,2018-09-07 00:00:00+00:00,36.6,37.01,36.21,36.27,1030334,36.5036384959,36.9125590364,36.1146652988,36.1745073291,1030334,0.1237,1.0,5206346625.99191,12151346625.9919,-22.4539877301,0.9781131717,0.2415935389
173,2018-09-10 00:00:00+00:00,35.67,37.02,35.64,36.59,1171265,35.5760870259,36.9225327082,35.5461660108,36.4936648242,1171265,0.0,1.0,5074054211.7249,12019054211.7249,-21.8834355828,0.9532594763,0.2354546867
174,2018-09-11 00:00:00+00:00,35.59,36.044,35.24,35.69,1214458,35.4962976522,35.9491023483,35.147219142,35.5960343694,1214458,0.0,1.0,5062674219.09978,12007674219.0998,-21.8343558282,0.951121524,0.2349266133
175,2018-09-12 00:00:00+00:00,35.71,36.0,35.325,35.63,654814,35.6159817128,35.9052181927,35.2319953516,35.536192339,654814,0.0,1.0,5079744208.03746,12024744208.0375,-21.9079754601,0.9543284525,0.2357187233
176,2018-09-13 00:00:00+00:00,35.48,35.949,35.3101,35.65,894071,35.3865872632,35.8543524669,35.2171345807,35.5561396825,894071,0.0,1.0,5047026729.24025,11992026729.2402,-21.7668711656,0.9481818396,0.2342005125
177,2018-09-14 00:00:00+00:00,35.47,35.61,35.19,35.33,1172604,35.3766135915,35.5162449956,35.0973507834,35.2369821874,1172604,0.0,1.0,5045604230.16211,11990604230.1621,-21.7607361963,0.9479145956,0.2341345034
178,2018-09-17 00:00:00+00:00,35.89,36.13,35.47,35.58,1162451,35.7955078038,36.0348759251,35.3766135915,35.4863239804,1162451,0.0,1.0,5105349191.44397,12050349191.444,-22.018404908,0.9591388451,0.2369068883
179,2018-09-18 00:00:00+00:00,35.86,36.08,35.66,35.75,1340844,35.7655867886,35.9850075665,35.5661133542,35.6558763997,1340844,0.0,1.0,5101081694.20956,12046081694.2096,-22.0,0.958337113,0.2367088608
180,2018-09-19 00:00:00+00:00,34.91,36.02,34.84,35.95,1063765,34.8180879752,35.9251655361,34.7482722732,35.8553498341,1063765,0.0,1.0,4965944281.78627,11910944281.7863,-21.4171779141,0.9329489296,0.2304379902
181,2018-09-20 00:00:00+00:00,34.93,35.14,34.7,35.06,900073,34.8380353186,35.0474824248,34.6086408691,34.967693051,900073,0.0,1.0,4968789279.94255,11913789279.9426,-21.4294478528,0.9334834177,0.2305700085
182,2018-09-21 00:00:00+00:00,34.86,34.9926,34.32,34.75,1988742,34.7682196166,34.9004705036,34.2296413437,34.6585092277,1988742,0.0,1.0,4958831786.39557,11903831786.3956,-21.3865030675,0.9316127094,0.2301079444
183,2018-09-24 00:00:00+00:00,34.9,35.28,34.8,34.91,1098941,34.8081143035,35.1871138288,34.7083775863,34.8180879752,1098941,0.0,1.0,4964521782.70813,11909521782.7081,-21.4110429448,0.9326816856,0.2303719811
184,2018-09-25 00:00:00+00:00,35.25,35.97,34.55,34.69,1691615,35.1571928137,35.8752971775,34.4590357933,34.5986671973,1691615,0.0,1.0,5014309250.44302,11959309250.443,-21.6257668712,0.9420352268,0.2326823018
185,2018-09-26 00:00:00+00:00,36.63,37.92,35.3,35.4,2892500,36.5335595111,37.820163163,35.2070611723,35.3067978895,2892500,0.0,1.0,5210614123.22633,12155614123.2263,-22.472392638,0.9789149038,0.2417915664
186,2018-09-27 00:00:00+00:00,37.43,37.82,36.52,36.97,2137117,37.3314532487,37.7204264458,36.4238491221,36.8726643496,2137117,0.0,1.0,5324414049.47752,12269414049.4775,-22.963190184,1.0002944267,0.2470722994
187,2018-09-28 00:00:00+00:00,38.89,39.0,37.56,37.86,2285518,38.7876093198,38.8973197088,37.461110981,37.7603211326,2285518,0.0,1.0,5532098914.88593,12477098914.8859,-23.8588957055,1.0393120559,0.2567096373
188,2018-10-01 00:00:00+00:00,37.54,38.83,37.37,38.75,1346526,37.4411636376,38.7277672895,37.2716112184,38.6479779157,1346526,0.0,1.0,5340061539.33706,11945061539.3371,-26.8142857143,0.9931660391,-0.2798012422
189,2018-10-02 00:00:00+00:00,38.16,38.59,37.48,37.68,2105503,38.0595312843,38.4883991682,37.3813216073,37.5807950417,2105503,0.0,1.0,5428256482.18173,12033256482.1817,-27.2571428571,1.0095688879,-0.2844223602
190,2018-10-03 00:00:00+00:00,38.3,38.68,37.89,38.16,1226698,38.1991626883,38.5781622137,37.7902421478,38.0595312843,1226698,0.0,1.0,5448171469.27569,12053171469.2757,-27.3571428571,1.013272757,-0.2854658385
191,2018-10-04 00:00:00+00:00,38.76,38.88,37.9,38.03,1054521,38.6579515875,38.7776356481,37.8002158195,37.9298735519,1054521,0.0,1.0,5513606426.87011,12118606426.8701,-27.6857142857,1.0254426125,-0.2888944099
192,2018-10-05 00:00:00+00:00,38.75,39.41,38.72,39.07,703491,38.6479779157,39.3062402493,38.6180569006,38.9671354108,703491,0.0,1.0,5512183927.79197,12117183927.792,-27.6785714286,1.0251780505,-0.2888198758
193,2018-10-08 00:00:00+00:00,39.26,39.74,38.5,38.51,1450208,39.1566351735,39.635371416,38.3986361227,38.4086097945,1450208,0.0,1.0,5584731380.77712,12189731380.7771,-28.0428571429,1.0386707164,-0.292621118
194,2018-10-09 00:00:00+00:00,39.91,40.3402,39.4143,39.94,1268095,39.8049238353,40.2339911927,39.3105289281,39.8348448504,1268095,0.0,1.0,5677193820.85621,12282193820.8562,-28.5071428571,1.0558672514,-0.2974658385
195,2018-10-10 00:00:00+00:00,39.95,40.64,39.6,39.77,1461233,39.8448185222,40.5330018709,39.495740012,39.6652924312,1461233,0.0,1.0,5682883817.16876,12287883817.1688,-28.5357142857,1.0569254998,-0.2977639752
196,2018-10-11 00:00:00+00:00,39.77,40.01,39.17,40.01,1171047,39.6652924312,39.9046605525,39.066872128,39.9046605525,1171047,0.0,1.0,5657278833.76225,12262278833.7622,-28.4071428571,1.0521633824,-0.2964223602
197,2018-10-12 00:00:00+00:00,39.28,40.06,38.97,39.72,1679037,39.1765825169,39.9545289111,38.8673986936,39.6154240726,1679037,0.0,1.0,5587576378.93339,12192576378.9334,-28.0571428571,1.0391998406,-0.2927701863
198,2018-10-15 00:00:00+00:00,38.76,39.27,38.36,39.27,1716807,38.6579515875,39.1666088452,38.2590047187,39.1666088452,1716807,0.0,1.0,5513606426.87011,12118606426.8701,-27.6857142857,1.0254426125,-0.2888944099
199,2018-10-16 00:00:00+00:00,39.78,39.8,38.39,38.49,1035597,39.6752661029,39.6952134464,38.2889257338,38.388662451,1035597,0.0,1.0,5658701332.84039,12263701332.8404,-28.4142857143,1.0524279444,-0.2964968944
200,2018-10-17 00:00:00+00:00,40.08,40.14,39.65,39.75,639471,39.9744762545,40.0343182849,39.5456083706,39.6453450878,639471,0.0,1.0,5701376305.18458,12306376305.1846,-28.6285714286,1.0603648068,-0.2987329193
201,2018-10-18 00:00:00+00:00,40.26,40.47,39.88,40.06,770295,40.1540023455,40.3634494516,39.7750028201,39.9545289111,770295,0.0,1.0,5726981288.5911,12331981288.5911,-28.7571428571,1.0651269242,-0.3000745342
202,2018-10-19 00:00:00+00:00,40.89,41.06,40.01,40.23,778780,40.7823436639,40.9518960831,39.9046605525,40.1240813303,778780,0.0,1.0,5816598730.51391,12421598730.5139,-29.2071428571,1.081794335,-0.3047701863
203,2018-10-22 00:00:00+00:00,36.4,40.97,34.8,40.91,5187263,36.3041650615,40.8621330376,34.7083775863,40.8022910073,5187263,0.0,1.0,5177896644.42912,11782896644.4291,-26.0,0.9630059622,-0.2713043478
204,2018-10-23 00:00:00+00:00,37.46,38.36,36.2001,36.3,2878564,37.3613742638,38.2590047187,36.1047913638,36.2044283443,2878564,0.0,1.0,5328681546.71193,11933681546.7119,-26.7571428571,0.9910495425,-0.2792049689
205,2018-10-24 00:00:00+00:00,37.29,38.545,37.005,37.64,1668662,37.1918218446,38.4435176455,36.9075722006,37.5409003548,1668662,0.0,1.0,5304499062.38356,11909499062.3836,-26.6357142857,0.9865519871,-0.2779378882
206,2018-10-25 00:00:00+00:00,37.37,38.3,35.69,37.06,1579473,37.2716112184,38.1991626883,35.5960343694,36.962427395,1579473,0.0,1.0,5315879055.00868,11920879055.0087,-26.6928571429,0.9886684838,-0.2785341615
207,2018-10-26 00:00:00+00:00,36.57,39.18,35.38,38.92,3095880,36.4737174807,39.0768457997,35.286850546,38.817530335,3095880,0.0,1.0,5202079128.75748,11807079128.7575,-26.1214285714,0.9675035176,-0.2725714286
208,2018-10-29 00:00:00+00:00,37.13,37.555,36.47,36.73,929097,37.0322430971,37.4561241452,36.3739807635,36.6332962283,929097,0.0,1.0,5281739077.13332,11886739077.1333,-26.5214285714,0.9823189939,-0.2767453416
209,2018-10-30 00:00:00+00:00,40.89,41.84,37.35,37.39,4223848,40.7823436639,41.7298424773,37.2516638749,37.2915585618,4223848,0.0,1.0,5816598730.51391,12421598730.5139,-29.2071428571,1.081794335,-0.3047701863
210,2018-10-31 00:00:00+00:00,40.05,41.03,40.02,40.41,1411112,39.9445552394,40.9219750679,39.9146342242,40.3036074213,1411112,0.0,1.0,5697108807.95016,12302108807.9502,-28.6071428571,1.0595711205,-0.2985093168
211,2018-11-01 00:00:00+00:00,40.05,40.81,38.75,40.0,1460788,39.9445552394,40.7025542901,38.6479779157,39.8946868808,1460788,0.0,1.0,5697108807.95016,12302108807.9502,-28.6071428571,1.0595711205,-0.2985093168
212,2018-11-02 00:00:00+00:00,40.01,40.3367,38.93,39.98,1177920,39.9046605525,40.2305004076,38.8275040067,39.8747395373,1177920,0.0,1.0,5691418811.6376,12296418811.6376,-28.5785714286,1.0585128722,-0.2982111801
213,2018-11-05 00:00:00+00:00,39.82,40.62,39.62,40.18,908229,39.7151607898,40.5130545274,39.5156873554,40.0742129717,908229,0.0,1.0,5664146167.46539,12269146167.4654,-28.4428571429,1.0534861928,-0.2967950311
214,2018-11-06 00:00:00+00:00,40.05,40.17,39.68,39.86,524365,39.9445552394,40.0642393,39.5755293857,39.7550554767,524365,0.0,1.0,5696862230.21066,12301862230.2107,-28.6071428571,1.0595711205,-0.2985093168
215,2018-11-07 00:00:00+00:00,40.65,40.71,39.67,40.04,673029,40.5429755426,40.6028175729,39.565555714,39.9345815677,673029,0.0,1.0,5782208480.85053,12387208480.8505,-29.0357142857,1.0754448452,-0.3029813665
216,2018-11-08 00:00:00+00:00,40.0,40.64,39.75,40.64,837769,39.8946868808,40.5330018709,39.6453450878,40.5330018709,837769,0.0,1.0,5689750042.65735,12294750042.6573,-28.5714285714,1.0582483101,-0.298136646
217,2018-11-09 00:00:00+00:00,40.18,40.99,39.69,39.81,635009,40.0742129717,40.8820803811,39.5855030574,39.7051871181,635009,0.0,1.0,5715353917.8493,12320353917.8493,-28.7,1.0630104275,-0.2994782609
218,2018-11-12 00:00:00+00:00,40.63,41.0425,39.98,40.16,828167,40.5230281991,40.9344421576,39.8747395373,40.0542656283,828167,0.0,1.0,5779363605.8292,12384363605.8292,-29.0214285714,1.074915721,-0.3028322981
219,2018-11-13 00:00:00+00:00,41.2,41.4109,40.35,40.5,718220,41.0915274872,41.3018722238,40.243765391,40.3933704668,718220,0.0,1.0,5860442543.93707,12465442543.9371,-29.4285714286,1.0899957595,-0.3070807453
220,2018-11-14 00:00:00+00:00,41.3,42.0,40.7427,41.02,1654569,41.1912642044,41.8894212248,40.6354314794,40.9120013962,1654569,0.0,1.0,5874666919.04371,12479666919.0437,-29.5,1.0926413802,-0.307826087
221,2018-11-15 00:00:00+00:00,42.28,42.3,40.392,40.96,1134710,42.168684033,42.1886313764,40.2856548122,40.8521593659,1134710,0.0,1.0,6014065795.08881,12619065795.0888,-30.2,1.1185684638,-0.3151304348
222,2018-11-16 00:00:00+00:00,42.96,43.61,42.44,42.44,1393641,42.8468937099,43.4951823718,42.3282627805,42.3282627805,1393641,0.0,1.0,6110791545.81399,12715791545.814,-30.6857142857,1.1365586851,-0.3201987578
223,2018-11-19 00:00:00+00:00,43.71,43.84,42.91,42.91,757761,43.594919089,43.7245768213,42.7970253513,42.7970253513,757761,0.0,1.0,6217474359.11381,12822474359.1138,-31.2214285714,1.1564008409,-0.3257888199
224,2018-11-20 00:00:00+00:00,44.5,44.57,42.51,43.75,2357399,44.3828391549,44.4526548569,42.3980784825,43.6348137758,2357399,0.0,1.0,6329846922.45629,12934846922.4563,-31.7857142857,1.177301245,-0.3316770186
225,2018-11-21 00:00:00+00:00,43.63,44.12,42.38,43.63,2164019,43.5151297152,44.0038396295,42.2684207502,43.5151297152,2164019,0.0,1.0,6206094859.0285,12811094859.0285,-31.1642857143,1.1542843443,-0.3251925466
226,2018-11-23 00:00:00+00:00,44.06,44.42,43.4742,43.7,431291,43.9439975992,44.3030497811,43.3597399098,43.5849454172,431291,0.0,1.0,6267259671.98707,12872259671.9871,-31.4714285714,1.1656605136,-0.3283975155
227,2018-11-26 00:00:00+00:00,46.63,46.81,45.2,45.29,2244425,46.5072312313,46.6867573222,45.0809961753,45.1707592208,2244425,0.0,1.0,6632826112.2278,13237826112.2278,-33.3071428571,1.2336529676,-0.347552795
228,2018-11-27 00:00:00+00:00,46.99,46.99,45.98,46.56,1688041,46.8662834132,46.8662834132,45.8589425694,46.4374155292,1688041,0.0,1.0,6684033862.61172,13289033862.6117,-33.5642857143,1.2431772023,-0.3502360248
229,2018-11-28 00:00:00+00:00,45.53,46.95,45.44,46.95,1436853,45.410127342,46.8263887263,45.3203642966,46.8263887263,1436853,0.0,1.0,6476357986.05472,13081357986.0547,-32.5214285714,1.204551139,-0.3393540373
230,2018-11-29 00:00:00+00:00,46.11,46.14,44.21,45.53,1694414,45.9886003018,46.018521317,44.093602675,45.410127342,1694414,0.0,1.0,6558859361.67326,13163859361.6733,-32.9357142857,1.2198957395,-0.3436770186
231,2018-11-30 00:00:00+00:00,46.66,46.81,45.98,45.98,1509370,46.5371522464,46.6867573222,45.8589425694,45.8589425694,1509370,0.0,1.0,6637093424.7598,13242093424.7598,-33.3285714286,1.2344466538,-0.3477763975
232,2018-12-03 00:00:00+00:00,47.23,47.57,46.31,46.36,2000182,47.1056515345,47.444756373,46.1880737362,46.2379420948,2000182,0.0,1.0,6718172362.86766,13323172362.8677,-33.7357142857,1.2495266922,-0.3520248447
233,2018-12-04 00:00:00+00:00,47.3,48.9299,46.85,47.18,2974082,47.1754672365,48.8010759902,46.7266520091,47.0557831759,2974082,0.0,1.0,6728129425.44232,13333129425.4423,-33.7857142857,1.2513786267,-0.3525465839
234,2018-12-06 00:00:00+00:00,47.35,47.48,45.74,47.15,1448147,47.2253355951,47.3549933275,45.6195744482,47.0258621607,1448147,0.0,1.0,6735241612.99563,13340241612.9956,-33.8214285714,1.2527014371,-0.3529192547
235,2018-12-07 00:00:00+00:00,46.86,47.98,46.63,47.19,1659314,46.86,47.98,46.63,47.19,1659314,0.1237,1.0,6683137726.98,13288137726.98,-33.4714285714,1.2397378953,-0.3492670807
236,2018-12-10 00:00:00+00:00,47.19,47.8,46.32,46.84,2869238,47.19,47.8,46.32,46.84,2869238,0.0,1.0,6730202077.17,13335202077.17,-33.7071428571,1.2484684439,-0.3517267081
237,2018-12-11 00:00:00+00:00,46.94,47.55,46.44,47.31,1462219,46.94,47.55,46.44,47.31,1462219,0.0,1.0,6694547266.42,13299547266.42,-33.5285714286,1.241854392,-0.349863354
238,2018-12-12 00:00:00+00:00,48.0,48.31,47.02,47.19,2360376,48.0,48.31,47.02,47.19,2360376,0.0,1.0,6845723664.0,13450723664.0,-34.2857142857,1.2698979722,-0.3577639752
239,2018-12-13 00:00:00+00:00,47.96,48.63,47.82,48.17,1816938,47.96,48.63,47.82,48.17,1816938,0.0,1.0,6840018894.28,13445018894.28,-34.2571428571,1.2688397239,-0.3574658385
240,2018-12-14 00:00:00+00:00,50.98,51.27,47.3901,47.84,6555112,50.98,51.27,47.3901,47.84,6555112,0.0,1.0,7270729008.14,13875729008.14,-36.4142857143,1.3487374713,-0.3799751553
241,2018-12-17 00:00:00+00:00,48.93,51.16,48.77,50.89,3170989,48.93,51.16,48.77,50.89,3170989,0.0,1.0,6978359559.99,13583359559.99,-34.95,1.2945022454,-0.3646956522
242,2018-12-18 00:00:00+00:00,48.75,49.84,48.65,49.2,2084599,48.75,49.84,48.65,49.2,2084599,0.0,1.0,6952688096.25,13557688096.25,-34.8214285714,1.289740128,-0.3633540373
243,2018-12-19 00:00:00+00:00,49.11,49.46,48.68,48.91,2035433,49.11,49.46,48.68,48.91,2035433,0.0,1.0,7004031023.73,13609031023.73,-35.0785714286,1.2992643628,-0.3660372671
244,2018-12-20 00:00:00+00:00,49.6,50.17,48.84,49.04,2432362,49.6,50.17,48.84,49.04,2432362,0.0,1.0,7073914452.8,13678914452.8,-35.4285714286,1.3122279046,-0.369689441
245,2018-12-21 00:00:00+00:00,49.81,50.89,49.51,49.78,6149539,49.81,50.89,49.51,49.78,6149539,0.0,1.0,7103864493.83,13708864493.83,-35.5785714286,1.3177837082,-0.3712546584
246,2018-12-24 00:00:00+00:00,47.15,50.05,46.92,49.86,1118334,47.15,50.05,46.92,49.86,1118334,0.0,1.0,6724497307.45,13329497307.45,-33.6785714286,1.2474101956,-0.3514285714
247,2018-12-26 00:00:00+00:00,47.91,47.91,46.54,47.15,1561577,47.91,47.91,46.54,47.15,1561577,0.0,1.0,6832887932.13,13437887932.13,-34.2214285714,1.2675169135,-0.3570931677
248,2018-12-27 00:00:00+00:00,48.78,48.81,47.5068,47.68,2606989,48.78,48.81,47.5068,47.68,2606989,0.0,1.0,6956966673.54,13561966673.54,-34.8428571429,1.2905338142,-0.3635776398
249,2018-12-28 00:00:00+00:00,48.89,49.4,48.62,48.89,3549910,48.89,49.4,48.62,48.89,3549910,0.0,1.0,6972654790.27,13577654790.27,-34.9214285714,1.2934439971,-0.3643975155
250,2018-12-31 00:00:00+00:00,47.78,49.255,47.38,48.84,17831547,47.78,49.255,47.38,48.84,17831547,0.0,1.0,6814347430.54,13419347430.54,-34.1285714286,1.2640776065,-0.3561242236
